{"n_2":[-0.5161753524237185,0.7534155505205435,-0.9918806021715929,0.21036582508875057,0.37741218740086446,0.9371477463915578,0.7642996986178907,-0.728218756410681,0.2950641005175971,0.966595658035454,0.5712221254614844,0.4095302367140419,0.19719411092322048,-0.19727493463587525,-0.7262391140224926,-0.4072240953469064,-0.33529926305269075,-0.4860744535957626,0.9252446393069886,0.36451274846842474,0.050832293619172964,0.9714089295515536,0.39942062253822996,-0.8986127255881347,-0.2621248969858584,0.7981007837278808,-0.43842072503994345,0.9355380131722257,0.41642115755444653,0.29169183772343765,-0.42492820052994396],"n_1":[-0.2509924838070865,0.7363019177496168,-0.6933135968580415,0.6441447279015122,-0.8760158897266617,0.005854473897192403,0.9638141652254741,-0.5661503054732933,0.30780593622952246,-0.4287278880905234,-0.037297823584824474,-0.5967678826501674,0.010291575960596377,-0.7237340083213748,-0.29100437300748416,-0.43586507084532,0.8032985020312062,0.6223876278412208,-0.7238194903244226,0.03574971826204698,-0.9272042257589961,0.41772131698891646,0.34527162129209743,0.6883352282041599,0.2844102960121956,0.13268566121876102,-0.008811585777929176,-0.7903476725020209,-0.4925119132825517,-0.6014475430749127,0.010898905010422011],"n_4":[-0.8322963567203707,0.5666363952563931,-0.2141883229383157,-0.3214265844769828,0.30017259930116147,-0.5840578518598654,-0.6112554126145151,-0.9337557796706633,0.6163671326479239,0.5682981428477574,0.9483189790422266,0.04847305731916518,-0.11158559903963106,-0.39869753934133545,0.2352373054994488,0.4332570536955924,-0.612950767202137,-0.28968772502629836,0.8450390187458456,0.9744966957807613,-0.4602653515723749,0.573816762764322,-0.6083536048504128,-0.452985272085177,-0.4491111571102596,-0.26600883692892285,0.45921030567687016,0.1901071776744938,-0.25962581349363356,-0.6550651458977153,0.8312616413323926],"n_3":[-0.5008387291100795,-0.17245075077678784,0.7532182021873015,0.34328212247327095,0.1544605295809216,0.35333332469386347,0.5657441006868995,0.5734419446826515,0.4360919108970269,0.808667353598447,0.2834220626925612,-0.24249334874154663,0.5601701444984706,0.3574766028815628,-0.8905897157923042,-0.4233628949860165,0.043353540878465546,0.2489620729243749,-0.13817119703314584,-0.2503390301817845,-0.772521196835245,-0.6553973501598871,-0.18985984775634335,0.5622155339116743,0.2596703716837896,0.8842190378990302,-0.3899575345466526,0.23210104114409202,0.43480121986256504,-0.9805198331208025,-0.02683317844856803],"n_6":[0.9660244547202308,0.6740116114899015,-0.8425904097780559,0.2084617313935142,-0.6882877578611224,-0.18713373067020656,0.783591535675747,0.01241840583317555,0.7919566849689992,-0.3720050987811361,0.6822741071868972,0.2222139049933385,0.8569501320316979,0.6550787503642348,0.6406196603689447,-0.22842007164003286,0.5009021652422534,-0.30386090674344834,-0.8089700022403186,-0.7942109729708056,0.4112935232120245,0.7561933156534397,0.17530325434186844,-0.2660279602895821,-0.6702720489346166,0.8885195945633853,0.7487488669353679,-0.5289690395280906,0.8245602318088054,0.023491938149398317,0.10166617750651974],"n_5":[0.8715429875150624,-0.32226880142020264,-0.6794514128173244,-0.20124644350199805,0.6946321009276022,-0.30653230120495256,0.2959598070758038,0.7336564447561318,-0.09581541690230866,0.23504341804022255,-0.7991419609234509,-0.5976531708026931,-0.5571133560539128,0.16401643125044352,0.5900547827527525,0.6631089299984674,0.46782250046513507,-0.3378526601487153,0.9860363958774332,-0.15535425820930837,0.9575746700999235,-0.47191551181790015,0.5202313083191556,-0.10242516680286506,-0.6364627970208124,-0.7974178662101135,0.9141651108897721,0.7484619960542906,0.7847809488214132,0.6590310513170674,0.9186318966413856],"n_8":[-0.2127105063518222,-0.8433624721986461,0.2448802266111565,-0.6292331545444652,-0.7486814973157505,0.3587136454035702,0.09422623499172134,-0.1986765992120405,0.9614776772293683,0.2655247309694271,0.2578784956772342,0.6643800714730919,0.6395072497535603,0.2954724290002986,0.661255616558321,-0.9591774643388249,0.8299537642764665,-0.06084502560920524,-0.44439483155852777,-0.3934985909811888,-0.5919950894615973,0.5132941317326734,0.7079620990242081,0.4459697916301302,-0.6946928187667702,-0.2593779137444976,0.5749315687192265,0.45861793701761777,0.033594106425883785,0.09377787983967512,-0.03827569791981267],"n_7":[0.07289960174333654,-0.06444305309284437,-0.5158465295809229,-0.6630808111165154,-0.6516424678452877,-0.5665761653292969,0.0023971740964787713,-0.03383125484546379,0.09255651536180132,0.34211348130943997,-0.957173560702874,-0.6263490022700025,-0.5681296291251163,-0.22059742306981245,0.2170718432831497,0.6252195874349045,0.5966341258844063,0.681308812893723,0.7295428360450482,0.3716975395919022,0.22778997165250736,-0.6115060277432467,0.5162966165882865,0.1094108102479534,-0.6445888457752522,0.5878778617637372,-0.9780905709609324,-0.8828926198323115,0.2615286990699506,-0.8797327863922386,-0.5950613795108946],"n_9":[0.283417978447299,0.6047793583805903,0.21821593303312703,-0.5120486673619637,0.41669583057810544,-0.6325026257233275,0.6885816395159687,-0.2957376451936069,0.4280490537707582,0.5039033600130958,0.8549636451962699,-0.271009980668238,-0.007265624164407347,0.47687086040792415,0.2198837166557493,-0.49845864105555493,0.05455009555587642,0.9865547680723319,-0.5461602910859489,-0.4206453353813071,0.5914422872052674,0.6866152412557538,-0.2933305125896908,-0.7021804265107197,-0.2032322026541896,0.32422571539103484,-0.09604279921973591,-0.9323655470263208,-0.1876518336115245,0.7043167391717409,0.432155774459714],"n_0":[-0.46371172386548354,0.7980501243300311,0.5491656179396638,0.3050191237313733,0.021949378530758068,0.36646654103751564,0.18282977712526094,-0.3285130959559279,-0.9733025200595218,0.42587435288395836,-0.21979539023619776,0.10101915179727886,0.9600400194962513,0.005151509029366293,0.19453557339631153,0.05928818094834448,-0.7539404406039385,0.019132419524070077,-0.4149079695888558,-0.5840733322979124,-0.2372597560212688,0.4483201624899402,0.9243228084125501,-0.010615020700670774,-0.19864717276940433,0.37495362921930275,-0.7071352792961425,0.11965886813370452,-0.9391187354850319,-0.4951133444160485,-0.8385114209438826]}